model,storage,carrier,condition,price
iPhoneSE,16GB,Unlocked,New,75.06
iPhoneSE,16GB,Unlocked,Like_new,63.65
iPhoneSE,16GB,Unlocked,Good,60.05
iPhoneSE,16GB,Unlocked,Fair,51.04
iPhoneSE,16GB,Unlocked,Broken,30.02
iPhoneSE,16GB,Verizon,New,75.06
iPhoneSE,16GB,Verizon,Like_new,63.65
iPhoneSE,16GB,Verizon,Good,60.05
iPhoneSE,16GB,Verizon,Fair,51.04
iPhoneSE,16GB,Verizon,Broken,30.02
iPhoneSE,16GB,AT&T,New,72.21
iPhoneSE,16GB,AT&T,Like_new,61.23
iPhoneSE,16GB,AT&T,Good,57.77
iPhoneSE,16GB,AT&T,Fair,49.1
iPhoneSE,16GB,AT&T,Broken,28.88
iPhoneSE,16GB,T-Mobile,New,69.81
iPhoneSE,16GB,T-Mobile,Like_new,59.2
iPhoneSE,16GB,T-Mobile,Good,55.84
iPhoneSE,16GB,T-Mobile,Fair,47.47
iPhoneSE,16GB,T-Mobile,Broken,27.92
iPhoneSE,16GB,Sprint,New,67.03
iPhoneSE,16GB,Sprint,Like_new,56.84
iPhoneSE,16GB,Sprint,Good,53.62
iPhoneSE,16GB,Sprint,Fair,45.58
iPhoneSE,16GB,Sprint,Broken,26.81
iPhoneSE,16GB,Other,New,37.53
iPhoneSE,16GB,Other,Like_new,31.83
iPhoneSE,16GB,Other,Good,30.02
iPhoneSE,16GB,Other,Fair,25.52
iPhoneSE,16GB,Other,Broken,15.01
iPhoneSE,32GB,Unlocked,New,90.91
iPhoneSE,32GB,Unlocked,Like_new,77.09
iPhoneSE,32GB,Unlocked,Good,72.73
iPhoneSE,32GB,Unlocked,Fair,61.82
iPhoneSE,32GB,Unlocked,Broken,36.36
iPhoneSE,32GB,Verizon,New,90.91
iPhoneSE,32GB,Verizon,Like_new,77.09
iPhoneSE,32GB,Verizon,Good,72.73
iPhoneSE,32GB,Verizon,Fair,61.82
iPhoneSE,32GB,Verizon,Broken,36.36
iPhoneSE,32GB,AT&T,New,87.45
iPhoneSE,32GB,AT&T,Like_new,74.16
iPhoneSE,32GB,AT&T,Good,69.96
iPhoneSE,32GB,AT&T,Fair,59.47
iPhoneSE,32GB,AT&T,Broken,34.98
iPhoneSE,32GB,T-Mobile,New,84.55
iPhoneSE,32GB,T-Mobile,Like_new,71.69
iPhoneSE,32GB,T-Mobile,Good,67.64
iPhoneSE,32GB,T-Mobile,Fair,57.49
iPhoneSE,32GB,T-Mobile,Broken,33.82
iPhoneSE,32GB,Sprint,New,81.18
iPhoneSE,32GB,Sprint,Like_new,68.84
iPhoneSE,32GB,Sprint,Good,64.95
iPhoneSE,32GB,Sprint,Fair,55.2
iPhoneSE,32GB,Sprint,Broken,32.47
iPhoneSE,32GB,Other,New,45.45
iPhoneSE,32GB,Other,Like_new,38.55
iPhoneSE,32GB,Other,Good,36.36
iPhoneSE,32GB,Other,Fair,30.91
iPhoneSE,32GB,Other,Broken,18.18
iPhoneSE,64GB,Unlocked,New,104.81
iPhoneSE,64GB,Unlocked,Like_new,88.88
iPhoneSE,64GB,Unlocked,Good,83.85
iPhoneSE,64GB,Unlocked,Fair,71.27
iPhoneSE,64GB,Unlocked,Broken,41.93
iPhoneSE,64GB,Verizon,New,104.81
iPhoneSE,64GB,Verizon,Like_new,88.88
iPhoneSE,64GB,Verizon,Good,83.85
iPhoneSE,64GB,Verizon,Fair,71.27
iPhoneSE,64GB,Verizon,Broken,41.93
iPhoneSE,64GB,AT&T,New,100.83
iPhoneSE,64GB,AT&T,Like_new,85.51
iPhoneSE,64GB,AT&T,Good,80.67
iPhoneSE,64GB,AT&T,Fair,68.57
iPhoneSE,64GB,AT&T,Broken,40.33
iPhoneSE,64GB,T-Mobile,New,97.48
iPhoneSE,64GB,T-Mobile,Like_new,82.66
iPhoneSE,64GB,T-Mobile,Good,77.98
iPhoneSE,64GB,T-Mobile,Fair,66.28
iPhoneSE,64GB,T-Mobile,Broken,38.99
iPhoneSE,64GB,Sprint,New,93.6
iPhoneSE,64GB,Sprint,Like_new,79.37
iPhoneSE,64GB,Sprint,Good,74.88
iPhoneSE,64GB,Sprint,Fair,63.65
iPhoneSE,64GB,Sprint,Broken,37.44
iPhoneSE,64GB,Other,New,52.41
iPhoneSE,64GB,Other,Like_new,44.44
iPhoneSE,64GB,Other,Good,41.93
iPhoneSE,64GB,Other,Fair,35.64
iPhoneSE,64GB,Other,Broken,20.96
iPhoneSE,128GB,Unlocked,New,130.81
iPhoneSE,128GB,Unlocked,Like_new,110.93
iPhoneSE,128GB,Unlocked,Good,104.65
iPhoneSE,128GB,Unlocked,Fair,88.95
iPhoneSE,128GB,Unlocked,Broken,52.32
iPhoneSE,128GB,Verizon,New,130.81
iPhoneSE,128GB,Verizon,Like_new,110.93
iPhoneSE,128GB,Verizon,Good,104.65
iPhoneSE,128GB,Verizon,Fair,88.95
iPhoneSE,128GB,Verizon,Broken,52.32
iPhoneSE,128GB,AT&T,New,125.84
iPhoneSE,128GB,AT&T,Like_new,106.71
iPhoneSE,128GB,AT&T,Good,100.67
iPhoneSE,128GB,AT&T,Fair,85.57
iPhoneSE,128GB,AT&T,Broken,50.34
iPhoneSE,128GB,T-Mobile,New,121.66
iPhoneSE,128GB,T-Mobile,Like_new,103.16
iPhoneSE,128GB,T-Mobile,Good,97.32
iPhoneSE,128GB,T-Mobile,Fair,82.73
iPhoneSE,128GB,T-Mobile,Broken,48.66
iPhoneSE,128GB,Sprint,New,116.82
iPhoneSE,128GB,Sprint,Like_new,99.06
iPhoneSE,128GB,Sprint,Good,93.45
iPhoneSE,128GB,Sprint,Fair,79.43
iPhoneSE,128GB,Sprint,Broken,46.73
iPhoneSE,128GB,Other,New,65.41
iPhoneSE,128GB,Other,Like_new,55.46
iPhoneSE,128GB,Other,Good,52.32
iPhoneSE,128GB,Other,Fair,44.48
iPhoneSE,128GB,Other,Broken,26.16
iPhone6,16GB,Unlocked,New,72.96
iPhone6,16GB,Unlocked,Like_new,61.87
iPhone6,16GB,Unlocked,Good,58.37
iPhone6,16GB,Unlocked,Fair,49.62
iPhone6,16GB,Unlocked,Broken,29.19
iPhone6,16GB,Verizon,New,72.96
iPhone6,16GB,Verizon,Like_new,61.87
iPhone6,16GB,Verizon,Good,58.37
iPhone6,16GB,Verizon,Fair,49.62
iPhone6,16GB,Verizon,Broken,29.19
iPhone6,16GB,AT&T,New,70.19
iPhone6,16GB,AT&T,Like_new,59.52
iPhone6,16GB,AT&T,Good,56.15
iPhone6,16GB,AT&T,Fair,47.73
iPhone6,16GB,AT&T,Broken,28.08
iPhone6,16GB,T-Mobile,New,67.86
iPhone6,16GB,T-Mobile,Like_new,57.54
iPhone6,16GB,T-Mobile,Good,54.29
iPhone6,16GB,T-Mobile,Fair,46.14
iPhone6,16GB,T-Mobile,Broken,27.14
iPhone6,16GB,Sprint,New,65.16
iPhone6,16GB,Sprint,Like_new,55.25
iPhone6,16GB,Sprint,Good,52.13
iPhone6,16GB,Sprint,Fair,44.31
iPhone6,16GB,Sprint,Broken,26.06
iPhone6,16GB,Other,New,36.48
iPhone6,16GB,Other,Like_new,30.94
iPhone6,16GB,Other,Good,29.19
iPhone6,16GB,Other,Fair,24.81
iPhone6,16GB,Other,Broken,14.59
iPhone6,32GB,Unlocked,New,71.92
iPhone6,32GB,Unlocked,Like_new,60.99
iPhone6,32GB,Unlocked,Good,57.54
iPhone6,32GB,Unlocked,Fair,48.91
iPhone6,32GB,Unlocked,Broken,28.77
iPhone6,32GB,Verizon,New,71.92
iPhone6,32GB,Verizon,Like_new,60.99
iPhone6,32GB,Verizon,Good,57.54
iPhone6,32GB,Verizon,Fair,48.91
iPhone6,32GB,Verizon,Broken,28.77
iPhone6,32GB,AT&T,New,69.19
iPhone6,32GB,AT&T,Like_new,58.67
iPhone6,32GB,AT&T,Good,55.35
iPhone6,32GB,AT&T,Fair,47.05
iPhone6,32GB,AT&T,Broken,27.67
iPhone6,32GB,T-Mobile,New,66.89
iPhone6,32GB,T-Mobile,Like_new,56.72
iPhone6,32GB,T-Mobile,Good,53.51
iPhone6,32GB,T-Mobile,Fair,45.48
iPhone6,32GB,T-Mobile,Broken,26.75
iPhone6,32GB,Sprint,New,64.22
iPhone6,32GB,Sprint,Like_new,54.46
iPhone6,32GB,Sprint,Good,51.38
iPhone6,32GB,Sprint,Fair,43.67
iPhone6,32GB,Sprint,Broken,25.69
iPhone6,32GB,Other,New,35.96
iPhone6,32GB,Other,Like_new,30.49
iPhone6,32GB,Other,Good,28.77
iPhone6,32GB,Other,Fair,24.45
iPhone6,32GB,Other,Broken,14.38
iPhone6,64GB,Unlocked,New,78.21
iPhone6,64GB,Unlocked,Like_new,66.32
iPhone6,64GB,Unlocked,Good,62.57
iPhone6,64GB,Unlocked,Fair,53.18
iPhone6,64GB,Unlocked,Broken,31.28
iPhone6,64GB,Verizon,New,78.21
iPhone6,64GB,Verizon,Like_new,66.32
iPhone6,64GB,Verizon,Good,62.57
iPhone6,64GB,Verizon,Fair,53.18
iPhone6,64GB,Verizon,Broken,31.28
iPhone6,64GB,AT&T,New,75.24
iPhone6,64GB,AT&T,Like_new,63.8
iPhone6,64GB,AT&T,Good,60.19
iPhone6,64GB,AT&T,Fair,51.16
iPhone6,64GB,AT&T,Broken,30.1
iPhone6,64GB,T-Mobile,New,72.74
iPhone6,64GB,T-Mobile,Like_new,61.68
iPhone6,64GB,T-Mobile,Good,58.19
iPhone6,64GB,T-Mobile,Fair,49.46
iPhone6,64GB,T-Mobile,Broken,29.09
iPhone6,64GB,Sprint,New,69.84
iPhone6,64GB,Sprint,Like_new,59.23
iPhone6,64GB,Sprint,Good,55.87
iPhone6,64GB,Sprint,Fair,47.49
iPhone6,64GB,Sprint,Broken,27.94
iPhone6,64GB,Other,New,39.11
iPhone6,64GB,Other,Like_new,33.16
iPhone6,64GB,Other,Good,31.28
iPhone6,64GB,Other,Fair,26.59
iPhone6,64GB,Other,Broken,15.64
iPhone6,128GB,Unlocked,New,90.91
iPhone6,128GB,Unlocked,Like_new,77.09
iPhone6,128GB,Unlocked,Good,72.73
iPhone6,128GB,Unlocked,Fair,61.82
iPhone6,128GB,Unlocked,Broken,36.36
iPhone6,128GB,Verizon,New,90.91
iPhone6,128GB,Verizon,Like_new,77.09
iPhone6,128GB,Verizon,Good,72.73
iPhone6,128GB,Verizon,Fair,61.82
iPhone6,128GB,Verizon,Broken,36.36
iPhone6,128GB,AT&T,New,87.45
iPhone6,128GB,AT&T,Like_new,74.16
iPhone6,128GB,AT&T,Good,69.96
iPhone6,128GB,AT&T,Fair,59.47
iPhone6,128GB,AT&T,Broken,34.98
iPhone6,128GB,T-Mobile,New,84.55
iPhone6,128GB,T-Mobile,Like_new,71.69
iPhone6,128GB,T-Mobile,Good,67.64
iPhone6,128GB,T-Mobile,Fair,57.49
iPhone6,128GB,T-Mobile,Broken,33.82
iPhone6,128GB,Sprint,New,81.18
iPhone6,128GB,Sprint,Like_new,68.84
iPhone6,128GB,Sprint,Good,64.95
iPhone6,128GB,Sprint,Fair,55.2
iPhone6,128GB,Sprint,Broken,32.47
iPhone6,128GB,Other,New,45.45
iPhone6,128GB,Other,Like_new,38.55
iPhone6,128GB,Other,Good,36.36
iPhone6,128GB,Other,Fair,30.91
iPhone6,128GB,Other,Broken,18.18
iPhone6Plus,16GB,Unlocked,New,103.74
iPhone6Plus,16GB,Unlocked,Like_new,87.97
iPhone6Plus,16GB,Unlocked,Good,82.99
iPhone6Plus,16GB,Unlocked,Fair,70.54
iPhone6Plus,16GB,Unlocked,Broken,41.5
iPhone6Plus,16GB,Verizon,New,103.74
iPhone6Plus,16GB,Verizon,Like_new,87.97
iPhone6Plus,16GB,Verizon,Good,82.99
iPhone6Plus,16GB,Verizon,Fair,70.54
iPhone6Plus,16GB,Verizon,Broken,41.5
iPhone6Plus,16GB,AT&T,New,99.8
iPhone6Plus,16GB,AT&T,Like_new,84.63
iPhone6Plus,16GB,AT&T,Good,79.84
iPhone6Plus,16GB,AT&T,Fair,67.86
iPhone6Plus,16GB,AT&T,Broken,39.92
iPhone6Plus,16GB,T-Mobile,New,96.48
iPhone6Plus,16GB,T-Mobile,Like_new,81.81
iPhone6Plus,16GB,T-Mobile,Good,77.18
iPhone6Plus,16GB,T-Mobile,Fair,65.61
iPhone6Plus,16GB,T-Mobile,Broken,38.59
iPhone6Plus,16GB,Sprint,New,92.64
iPhone6Plus,16GB,Sprint,Like_new,78.56
iPhone6Plus,16GB,Sprint,Good,74.11
iPhone6Plus,16GB,Sprint,Fair,63.0
iPhone6Plus,16GB,Sprint,Broken,37.06
iPhone6Plus,16GB,Other,New,51.87
iPhone6Plus,16GB,Other,Like_new,43.99
iPhone6Plus,16GB,Other,Good,41.5
iPhone6Plus,16GB,Other,Fair,35.27
iPhone6Plus,16GB,Other,Broken,20.75
iPhone6Plus,32GB,Unlocked,New,96.24
iPhone6Plus,32GB,Unlocked,Like_new,81.61
iPhone6Plus,32GB,Unlocked,Good,76.99
iPhone6Plus,32GB,Unlocked,Fair,65.44
iPhone6Plus,32GB,Unlocked,Broken,38.5
iPhone6Plus,32GB,Verizon,New,96.24
iPhone6Plus,32GB,Verizon,Like_new,81.61
iPhone6Plus,32GB,Verizon,Good,76.99
iPhone6Plus,32GB,Verizon,Fair,65.44
iPhone6Plus,32GB,Verizon,Broken,38.5
iPhone6Plus,32GB,AT&T,New,92.58
iPhone6Plus,32GB,AT&T,Like_new,78.51
iPhone6Plus,32GB,AT&T,Good,74.07
iPhone6Plus,32GB,AT&T,Fair,62.96
iPhone6Plus,32GB,AT&T,Broken,37.03
iPhone6Plus,32GB,T-Mobile,New,89.5
iPhone6Plus,32GB,T-Mobile,Like_new,75.9
iPhone6Plus,32GB,T-Mobile,Good,71.6
iPhone6Plus,32GB,T-Mobile,Fair,60.86
iPhone6Plus,32GB,T-Mobile,Broken,35.8
iPhone6Plus,32GB,Sprint,New,85.94
iPhone6Plus,32GB,Sprint,Like_new,72.88
iPhone6Plus,32GB,Sprint,Good,68.75
iPhone6Plus,32GB,Sprint,Fair,58.44
iPhone6Plus,32GB,Sprint,Broken,34.38
iPhone6Plus,32GB,Other,New,48.12
iPhone6Plus,32GB,Other,Like_new,40.81
iPhone6Plus,32GB,Other,Good,38.5
iPhone6Plus,32GB,Other,Fair,32.72
iPhone6Plus,32GB,Other,Broken,19.25
iPhone6Plus,64GB,Unlocked,New,117.77
iPhone6Plus,64GB,Unlocked,Like_new,99.87
iPhone6Plus,64GB,Unlocked,Good,94.21
iPhone6Plus,64GB,Unlocked,Fair,80.08
iPhone6Plus,64GB,Unlocked,Broken,47.11
iPhone6Plus,64GB,Verizon,New,117.77
iPhone6Plus,64GB,Verizon,Like_new,99.87
iPhone6Plus,64GB,Verizon,Good,94.21
iPhone6Plus,64GB,Verizon,Fair,80.08
iPhone6Plus,64GB,Verizon,Broken,47.11
iPhone6Plus,64GB,AT&T,New,113.29
iPhone6Plus,64GB,AT&T,Like_new,96.07
iPhone6Plus,64GB,AT&T,Good,90.63
iPhone6Plus,64GB,AT&T,Fair,77.04
iPhone6Plus,64GB,AT&T,Broken,45.32
iPhone6Plus,64GB,T-Mobile,New,109.52
iPhone6Plus,64GB,T-Mobile,Like_new,92.87
iPhone6Plus,64GB,T-Mobile,Good,87.62
iPhone6Plus,64GB,T-Mobile,Fair,74.48
iPhone6Plus,64GB,T-Mobile,Broken,43.81
iPhone6Plus,64GB,Sprint,New,105.16
iPhone6Plus,64GB,Sprint,Like_new,89.18
iPhone6Plus,64GB,Sprint,Good,84.13
iPhone6Plus,64GB,Sprint,Fair,71.51
iPhone6Plus,64GB,Sprint,Broken,42.07
iPhone6Plus,64GB,Other,New,58.88
iPhone6Plus,64GB,Other,Like_new,49.93
iPhone6Plus,64GB,Other,Good,47.11
iPhone6Plus,64GB,Other,Fair,40.04
iPhone6Plus,64GB,Other,Broken,23.55
iPhone6Plus,128GB,Unlocked,New,122.1
iPhone6Plus,128GB,Unlocked,Like_new,103.54
iPhone6Plus,128GB,Unlocked,Good,97.68
iPhone6Plus,128GB,Unlocked,Fair,83.03
iPhone6Plus,128GB,Unlocked,Broken,48.84
iPhone6Plus,128GB,Verizon,New,122.1
iPhone6Plus,128GB,Verizon,Like_new,103.54
iPhone6Plus,128GB,Verizon,Good,97.68
iPhone6Plus,128GB,Verizon,Fair,83.03
iPhone6Plus,128GB,Verizon,Broken,48.84
iPhone6Plus,128GB,AT&T,New,117.46
iPhone6Plus,128GB,AT&T,Like_new,99.61
iPhone6Plus,128GB,AT&T,Good,93.97
iPhone6Plus,128GB,AT&T,Fair,79.88
iPhone6Plus,128GB,AT&T,Broken,46.99
iPhone6Plus,128GB,T-Mobile,New,113.56
iPhone6Plus,128GB,T-Mobile,Like_new,96.3
iPhone6Plus,128GB,T-Mobile,Good,90.85
iPhone6Plus,128GB,T-Mobile,Fair,77.22
iPhone6Plus,128GB,T-Mobile,Broken,45.42
iPhone6Plus,128GB,Sprint,New,109.04
iPhone6Plus,128GB,Sprint,Like_new,92.47
iPhone6Plus,128GB,Sprint,Good,87.23
iPhone6Plus,128GB,Sprint,Fair,74.15
iPhone6Plus,128GB,Sprint,Broken,43.62
iPhone6Plus,128GB,Other,New,61.05
iPhone6Plus,128GB,Other,Like_new,51.77
iPhone6Plus,128GB,Other,Good,48.84
iPhone6Plus,128GB,Other,Fair,41.52
iPhone6Plus,128GB,Other,Broken,24.42
iPhone6S,16GB,Unlocked,New,86.66
iPhone6S,16GB,Unlocked,Like_new,73.49
iPhone6S,16GB,Unlocked,Good,69.33
iPhone6S,16GB,Unlocked,Fair,58.93
iPhone6S,16GB,Unlocked,Broken,34.66
iPhone6S,16GB,Verizon,New,86.66
iPhone6S,16GB,Verizon,Like_new,73.49
iPhone6S,16GB,Verizon,Good,69.33
iPhone6S,16GB,Verizon,Fair,58.93
iPhone6S,16GB,Verizon,Broken,34.66
iPhone6S,16GB,AT&T,New,83.37
iPhone6S,16GB,AT&T,Like_new,70.7
iPhone6S,16GB,AT&T,Good,66.69
iPhone6S,16GB,AT&T,Fair,56.69
iPhone6S,16GB,AT&T,Broken,33.35
iPhone6S,16GB,T-Mobile,New,80.59
iPhone6S,16GB,T-Mobile,Like_new,68.34
iPhone6S,16GB,T-Mobile,Good,64.48
iPhone6S,16GB,T-Mobile,Fair,54.8
iPhone6S,16GB,T-Mobile,Broken,32.24
iPhone6S,16GB,Sprint,New,77.39
iPhone6S,16GB,Sprint,Like_new,65.62
iPhone6S,16GB,Sprint,Good,61.91
iPhone6S,16GB,Sprint,Fair,52.62
iPhone6S,16GB,Sprint,Broken,30.96
iPhone6S,16GB,Other,New,43.33
iPhone6S,16GB,Other,Like_new,36.74
iPhone6S,16GB,Other,Good,34.66
iPhone6S,16GB,Other,Fair,29.46
iPhone6S,16GB,Other,Broken,17.33
iPhone6S,32GB,Unlocked,New,100.52
iPhone6S,32GB,Unlocked,Like_new,85.24
iPhone6S,32GB,Unlocked,Good,80.42
iPhone6S,32GB,Unlocked,Fair,68.35
iPhone6S,32GB,Unlocked,Broken,40.21
iPhone6S,32GB,Verizon,New,100.52
iPhone6S,32GB,Verizon,Like_new,85.24
iPhone6S,32GB,Verizon,Good,80.42
iPhone6S,32GB,Verizon,Fair,68.35
iPhone6S,32GB,Verizon,Broken,40.21
iPhone6S,32GB,AT&T,New,96.7
iPhone6S,32GB,AT&T,Like_new,82.0
iPhone6S,32GB,AT&T,Good,77.36
iPhone6S,32GB,AT&T,Fair,65.76
iPhone6S,32GB,AT&T,Broken,38.68
iPhone6S,32GB,T-Mobile,New,93.48
iPhone6S,32GB,T-Mobile,Like_new,79.27
iPhone6S,32GB,T-Mobile,Good,74.79
iPhone6S,32GB,T-Mobile,Fair,63.57
iPhone6S,32GB,T-Mobile,Broken,37.39
iPhone6S,32GB,Sprint,New,89.77
iPhone6S,32GB,Sprint,Like_new,76.12
iPhone6S,32GB,Sprint,Good,71.81
iPhone6S,32GB,Sprint,Fair,61.04
iPhone6S,32GB,Sprint,Broken,35.91
iPhone6S,32GB,Other,New,50.26
iPhone6S,32GB,Other,Like_new,42.62
iPhone6S,32GB,Other,Good,40.21
iPhone6S,32GB,Other,Fair,34.18
iPhone6S,32GB,Other,Broken,20.1
iPhone6S,64GB,Unlocked,New,108.04
iPhone6S,64GB,Unlocked,Like_new,91.62
iPhone6S,64GB,Unlocked,Good,86.43
iPhone6S,64GB,Unlocked,Fair,73.47
iPhone6S,64GB,Unlocked,Broken,43.22
iPhone6S,64GB,Verizon,New,108.04
iPhone6S,64GB,Verizon,Like_new,91.62
iPhone6S,64GB,Verizon,Good,86.43
iPhone6S,64GB,Verizon,Fair,73.47
iPhone6S,64GB,Verizon,Broken,43.22
iPhone6S,64GB,AT&T,New,103.94
iPhone6S,64GB,AT&T,Like_new,88.14
iPhone6S,64GB,AT&T,Good,83.15
iPhone6S,64GB,AT&T,Fair,70.68
iPhone6S,64GB,AT&T,Broken,41.57
iPhone6S,64GB,T-Mobile,New,100.48
iPhone6S,64GB,T-Mobile,Like_new,85.21
iPhone6S,64GB,T-Mobile,Good,80.38
iPhone6S,64GB,T-Mobile,Fair,68.33
iPhone6S,64GB,T-Mobile,Broken,40.19
iPhone6S,64GB,Sprint,New,96.48
iPhone6S,64GB,Sprint,Like_new,81.82
iPhone6S,64GB,Sprint,Good,77.19
iPhone6S,64GB,Sprint,Fair,65.61
iPhone6S,64GB,Sprint,Broken,38.59
iPhone6S,64GB,Other,New,54.02
iPhone6S,64GB,Other,Like_new,45.81
iPhone6S,64GB,Other,Good,43.22
iPhone6S,64GB,Other,Fair,36.73
iPhone6S,64GB,Other,Broken,21.61
iPhone6S,128GB,Unlocked,New,124.28
iPhone6S,128GB,Unlocked,Like_new,105.39
iPhone6S,128GB,Unlocked,Good,99.42
iPhone6S,128GB,Unlocked,Fair,84.51
iPhone6S,128GB,Unlocked,Broken,49.71
iPhone6S,128GB,Verizon,New,124.28
iPhone6S,128GB,Verizon,Like_new,105.39
iPhone6S,128GB,Verizon,Good,99.42
iPhone6S,128GB,Verizon,Fair,84.51
iPhone6S,128GB,Verizon,Broken,49.71
iPhone6S,128GB,AT&T,New,119.56
iPhone6S,128GB,AT&T,Like_new,101.38
iPhone6S,128GB,AT&T,Good,95.64
iPhone6S,128GB,AT&T,Fair,81.3
iPhone6S,128GB,AT&T,Broken,47.82
iPhone6S,128GB,T-Mobile,New,115.58
iPhone6S,128GB,T-Mobile,Like_new,98.01
iPhone6S,128GB,T-Mobile,Good,92.46
iPhone6S,128GB,T-Mobile,Fair,78.59
iPhone6S,128GB,T-Mobile,Broken,46.23
iPhone6S,128GB,Sprint,New,110.98
iPhone6S,128GB,Sprint,Like_new,94.11
iPhone6S,128GB,Sprint,Good,88.78
iPhone6S,128GB,Sprint,Fair,75.47
iPhone6S,128GB,Sprint,Broken,44.39
iPhone6S,128GB,Other,New,62.14
iPhone6S,128GB,Other,Like_new,52.69
iPhone6S,128GB,Other,Good,49.71
iPhone6S,128GB,Other,Fair,42.25
iPhone6S,128GB,Other,Broken,24.86
iPhone6SPlus,16GB,Unlocked,New,132.99
iPhone6SPlus,16GB,Unlocked,Like_new,112.78
iPhone6SPlus,16GB,Unlocked,Good,106.4
iPhone6SPlus,16GB,Unlocked,Fair,90.44
iPhone6SPlus,16GB,Unlocked,Broken,53.2
iPhone6SPlus,16GB,Verizon,New,132.99
iPhone6SPlus,16GB,Verizon,Like_new,112.78
iPhone6SPlus,16GB,Verizon,Good,106.4
iPhone6SPlus,16GB,Verizon,Fair,90.44
iPhone6SPlus,16GB,Verizon,Broken,53.2
iPhone6SPlus,16GB,AT&T,New,127.94
iPhone6SPlus,16GB,AT&T,Like_new,108.49
iPhone6SPlus,16GB,AT&T,Good,102.35
iPhone6SPlus,16GB,AT&T,Fair,87.0
iPhone6SPlus,16GB,AT&T,Broken,51.18
iPhone6SPlus,16GB,T-Mobile,New,123.69
iPhone6SPlus,16GB,T-Mobile,Like_new,104.89
iPhone6SPlus,16GB,T-Mobile,Good,98.95
iPhone6SPlus,16GB,T-Mobile,Fair,84.11
iPhone6SPlus,16GB,T-Mobile,Broken,49.47
iPhone6SPlus,16GB,Sprint,New,118.76
iPhone6SPlus,16GB,Sprint,Like_new,100.71
iPhone6SPlus,16GB,Sprint,Good,95.01
iPhone6SPlus,16GB,Sprint,Fair,80.76
iPhone6SPlus,16GB,Sprint,Broken,47.51
iPhone6SPlus,16GB,Other,New,66.5
iPhone6SPlus,16GB,Other,Like_new,56.39
iPhone6SPlus,16GB,Other,Good,53.2
iPhone6SPlus,16GB,Other,Fair,45.22
iPhone6SPlus,16GB,Other,Broken,26.6
iPhone6SPlus,32GB,Unlocked,New,145.04
iPhone6SPlus,32GB,Unlocked,Like_new,122.99
iPhone6SPlus,32GB,Unlocked,Good,116.03
iPhone6SPlus,32GB,Unlocked,Fair,98.63
iPhone6SPlus,32GB,Unlocked,Broken,58.02
iPhone6SPlus,32GB,Verizon,New,145.04
iPhone6SPlus,32GB,Verizon,Like_new,122.99
iPhone6SPlus,32GB,Verizon,Good,116.03
iPhone6SPlus,32GB,Verizon,Fair,98.63
iPhone6SPlus,32GB,Verizon,Broken,58.02
iPhone6SPlus,32GB,AT&T,New,139.53
iPhone6SPlus,32GB,AT&T,Like_new,118.32
iPhone6SPlus,32GB,AT&T,Good,111.62
iPhone6SPlus,32GB,AT&T,Fair,94.88
iPhone6SPlus,32GB,AT&T,Broken,55.81
iPhone6SPlus,32GB,T-Mobile,New,134.89
iPhone6SPlus,32GB,T-Mobile,Like_new,114.38
iPhone6SPlus,32GB,T-Mobile,Good,107.91
iPhone6SPlus,32GB,T-Mobile,Fair,91.72
iPhone6SPlus,32GB,T-Mobile,Broken,53.95
iPhone6SPlus,32GB,Sprint,New,129.52
iPhone6SPlus,32GB,Sprint,Like_new,109.83
iPhone6SPlus,32GB,Sprint,Good,103.62
iPhone6SPlus,32GB,Sprint,Fair,88.07
iPhone6SPlus,32GB,Sprint,Broken,51.81
iPhone6SPlus,32GB,Other,New,72.52
iPhone6SPlus,32GB,Other,Like_new,61.5
iPhone6SPlus,32GB,Other,Good,58.02
iPhone6SPlus,32GB,Other,Fair,49.31
iPhone6SPlus,32GB,Other,Broken,29.01
iPhone6SPlus,64GB,Unlocked,New,154.94
iPhone6SPlus,64GB,Unlocked,Like_new,131.39
iPhone6SPlus,64GB,Unlocked,Good,123.95
iPhone6SPlus,64GB,Unlocked,Fair,105.36
iPhone6SPlus,64GB,Unlocked,Broken,61.98
iPhone6SPlus,64GB,Verizon,New,154.94
iPhone6SPlus,64GB,Verizon,Like_new,131.39
iPhone6SPlus,64GB,Verizon,Good,123.95
iPhone6SPlus,64GB,Verizon,Fair,105.36
iPhone6SPlus,64GB,Verizon,Broken,61.98
iPhone6SPlus,64GB,AT&T,New,149.05
iPhone6SPlus,64GB,AT&T,Like_new,126.4
iPhone6SPlus,64GB,AT&T,Good,119.24
iPhone6SPlus,64GB,AT&T,Fair,101.35
iPhone6SPlus,64GB,AT&T,Broken,59.62
iPhone6SPlus,64GB,T-Mobile,New,144.09
iPhone6SPlus,64GB,T-Mobile,Like_new,122.19
iPhone6SPlus,64GB,T-Mobile,Good,115.27
iPhone6SPlus,64GB,T-Mobile,Fair,97.98
iPhone6SPlus,64GB,T-Mobile,Broken,57.64
iPhone6SPlus,64GB,Sprint,New,138.36
iPhone6SPlus,64GB,Sprint,Like_new,117.33
iPhone6SPlus,64GB,Sprint,Good,110.69
iPhone6SPlus,64GB,Sprint,Fair,94.09
iPhone6SPlus,64GB,Sprint,Broken,55.34
iPhone6SPlus,64GB,Other,New,77.47
iPhone6SPlus,64GB,Other,Like_new,65.69
iPhone6SPlus,64GB,Other,Good,61.98
iPhone6SPlus,64GB,Other,Fair,52.68
iPhone6SPlus,64GB,Other,Broken,30.99
iPhone6SPlus,128GB,Unlocked,New,178.18
iPhone6SPlus,128GB,Unlocked,Like_new,151.1
iPhone6SPlus,128GB,Unlocked,Good,142.54
iPhone6SPlus,128GB,Unlocked,Fair,121.16
iPhone6SPlus,128GB,Unlocked,Broken,71.27
iPhone6SPlus,128GB,Verizon,New,178.18
iPhone6SPlus,128GB,Verizon,Like_new,151.1
iPhone6SPlus,128GB,Verizon,Good,142.54
iPhone6SPlus,128GB,Verizon,Fair,121.16
iPhone6SPlus,128GB,Verizon,Broken,71.27
iPhone6SPlus,128GB,AT&T,New,171.41
iPhone6SPlus,128GB,AT&T,Like_new,145.35
iPhone6SPlus,128GB,AT&T,Good,137.13
iPhone6SPlus,128GB,AT&T,Fair,116.56
iPhone6SPlus,128GB,AT&T,Broken,68.56
iPhone6SPlus,128GB,T-Mobile,New,165.71
iPhone6SPlus,128GB,T-Mobile,Like_new,140.52
iPhone6SPlus,128GB,T-Mobile,Good,132.56
iPhone6SPlus,128GB,T-Mobile,Fair,112.68
iPhone6SPlus,128GB,T-Mobile,Broken,66.28
iPhone6SPlus,128GB,Sprint,New,159.11
iPhone6SPlus,128GB,Sprint,Like_new,134.93
iPhone6SPlus,128GB,Sprint,Good,127.29
iPhone6SPlus,128GB,Sprint,Fair,108.2
iPhone6SPlus,128GB,Sprint,Broken,63.65
iPhone6SPlus,128GB,Other,New,89.09
iPhone6SPlus,128GB,Other,Like_new,75.55
iPhone6SPlus,128GB,Other,Good,71.27
iPhone6SPlus,128GB,Other,Fair,60.58
iPhone6SPlus,128GB,Other,Broken,35.64
iPhone7,32GB,Unlocked,New,146.14
iPhone7,32GB,Unlocked,Like_new,123.92
iPhone7,32GB,Unlocked,Good,116.91
iPhone7,32GB,Unlocked,Fair,99.37
iPhone7,32GB,Unlocked,Broken,58.45
iPhone7,32GB,Verizon,New,146.14
iPhone7,32GB,Verizon,Like_new,123.92
iPhone7,32GB,Verizon,Good,116.91
iPhone7,32GB,Verizon,Fair,99.37
iPhone7,32GB,Verizon,Broken,58.45
iPhone7,32GB,AT&T,New,140.58
iPhone7,32GB,AT&T,Like_new,119.22
iPhone7,32GB,AT&T,Good,112.47
iPhone7,32GB,AT&T,Fair,95.6
iPhone7,32GB,AT&T,Broken,56.23
iPhone7,32GB,T-Mobile,New,135.91
iPhone7,32GB,T-Mobile,Like_new,115.25
iPhone7,32GB,T-Mobile,Good,108.73
iPhone7,32GB,T-Mobile,Fair,92.42
iPhone7,32GB,T-Mobile,Broken,54.36
iPhone7,32GB,Sprint,New,130.5
iPhone7,32GB,Sprint,Like_new,110.66
iPhone7,32GB,Sprint,Good,104.4
iPhone7,32GB,Sprint,Fair,88.74
iPhone7,32GB,Sprint,Broken,52.2
iPhone7,32GB,Other,New,73.07
iPhone7,32GB,Other,Like_new,61.96
iPhone7,32GB,Other,Good,58.45
iPhone7,32GB,Other,Fair,49.69
iPhone7,32GB,Other,Broken,29.23
iPhone7,128GB,Unlocked,New,162.66
iPhone7,128GB,Unlocked,Like_new,137.94
iPhone7,128GB,Unlocked,Good,130.13
iPhone7,128GB,Unlocked,Fair,110.61
iPhone7,128GB,Unlocked,Broken,65.07
iPhone7,128GB,Verizon,New,162.66
iPhone7,128GB,Verizon,Like_new,137.94
iPhone7,128GB,Verizon,Good,130.13
iPhone7,128GB,Verizon,Fair,110.61
iPhone7,128GB,Verizon,Broken,65.07
iPhone7,128GB,AT&T,New,156.48
iPhone7,128GB,AT&T,Like_new,132.7
iPhone7,128GB,AT&T,Good,125.19
iPhone7,128GB,AT&T,Fair,106.41
iPhone7,128GB,AT&T,Broken,62.59
iPhone7,128GB,T-Mobile,New,151.28
iPhone7,128GB,T-Mobile,Like_new,128.28
iPhone7,128GB,T-Mobile,Good,121.02
iPhone7,128GB,T-Mobile,Fair,102.87
iPhone7,128GB,T-Mobile,Broken,60.51
iPhone7,128GB,Sprint,New,145.26
iPhone7,128GB,Sprint,Like_new,123.18
iPhone7,128GB,Sprint,Good,116.21
iPhone7,128GB,Sprint,Fair,98.78
iPhone7,128GB,Sprint,Broken,58.1
iPhone7,128GB,Other,New,81.33
iPhone7,128GB,Other,Like_new,68.97
iPhone7,128GB,Other,Good,65.07
iPhone7,128GB,Other,Fair,55.31
iPhone7,128GB,Other,Broken,32.53
iPhone7,256GB,Unlocked,New,178.18
iPhone7,256GB,Unlocked,Like_new,151.1
iPhone7,256GB,Unlocked,Good,142.54
iPhone7,256GB,Unlocked,Fair,121.16
iPhone7,256GB,Unlocked,Broken,71.27
iPhone7,256GB,Verizon,New,178.18
iPhone7,256GB,Verizon,Like_new,151.1
iPhone7,256GB,Verizon,Good,142.54
iPhone7,256GB,Verizon,Fair,121.16
iPhone7,256GB,Verizon,Broken,71.27
iPhone7,256GB,AT&T,New,171.41
iPhone7,256GB,AT&T,Like_new,145.35
iPhone7,256GB,AT&T,Good,137.13
iPhone7,256GB,AT&T,Fair,116.56
iPhone7,256GB,AT&T,Broken,68.56
iPhone7,256GB,T-Mobile,New,165.71
iPhone7,256GB,T-Mobile,Like_new,140.52
iPhone7,256GB,T-Mobile,Good,132.56
iPhone7,256GB,T-Mobile,Fair,112.68
iPhone7,256GB,T-Mobile,Broken,66.28
iPhone7,256GB,Sprint,New,159.11
iPhone7,256GB,Sprint,Like_new,134.93
iPhone7,256GB,Sprint,Good,127.29
iPhone7,256GB,Sprint,Fair,108.2
iPhone7,256GB,Sprint,Broken,63.65
iPhone7,256GB,Other,New,89.09
iPhone7,256GB,Other,Like_new,75.55
iPhone7,256GB,Other,Good,71.27
iPhone7,256GB,Other,Fair,60.58
iPhone7,256GB,Other,Broken,35.64
iPhone7Plus,32GB,Unlocked,New,217.27
iPhone7Plus,32GB,Unlocked,Like_new,184.25
iPhone7Plus,32GB,Unlocked,Good,173.82
iPhone7Plus,32GB,Unlocked,Fair,147.75
iPhone7Plus,32GB,Unlocked,Broken,86.91
iPhone7Plus,32GB,Verizon,New,217.27
iPhone7Plus,32GB,Verizon,Like_new,184.25
iPhone7Plus,32GB,Verizon,Good,173.82
iPhone7Plus,32GB,Verizon,Fair,147.75
iPhone7Plus,32GB,Verizon,Broken,86.91
iPhone7Plus,32GB,AT&T,New,209.02
iPhone7Plus,32GB,AT&T,Like_new,177.25
iPhone7Plus,32GB,AT&T,Good,167.21
iPhone7Plus,32GB,AT&T,Fair,142.13
iPhone7Plus,32GB,AT&T,Broken,83.61
iPhone7Plus,32GB,T-Mobile,New,202.07
iPhone7Plus,32GB,T-Mobile,Like_new,171.35
iPhone7Plus,32GB,T-Mobile,Good,161.65
iPhone7Plus,32GB,T-Mobile,Fair,137.4
iPhone7Plus,32GB,T-Mobile,Broken,80.83
iPhone7Plus,32GB,Sprint,New,194.03
iPhone7Plus,32GB,Sprint,Like_new,164.53
iPhone7Plus,32GB,Sprint,Good,155.22
iPhone7Plus,32GB,Sprint,Fair,131.94
iPhone7Plus,32GB,Sprint,Broken,77.61
iPhone7Plus,32GB,Other,New,108.64
iPhone7Plus,32GB,Other,Like_new,92.12
iPhone7Plus,32GB,Other,Good,86.91
iPhone7Plus,32GB,Other,Fair,73.87
iPhone7Plus,32GB,Other,Broken,43.45
iPhone7Plus,128GB,Unlocked,New,235.27
iPhone7Plus,128GB,Unlocked,Like_new,199.51
iPhone7Plus,128GB,Unlocked,Good,188.22
iPhone7Plus,128GB,Unlocked,Fair,159.99
iPhone7Plus,128GB,Unlocked,Broken,94.11
iPhone7Plus,128GB,Verizon,New,235.27
iPhone7Plus,128GB,Verizon,Like_new,199.51
iPhone7Plus,128GB,Verizon,Good,188.22
iPhone7Plus,128GB,Verizon,Fair,159.99
iPhone7Plus,128GB,Verizon,Broken,94.11
iPhone7Plus,128GB,AT&T,New,226.33
iPhone7Plus,128GB,AT&T,Like_new,191.93
iPhone7Plus,128GB,AT&T,Good,181.07
iPhone7Plus,128GB,AT&T,Fair,153.91
iPhone7Plus,128GB,AT&T,Broken,90.53
iPhone7Plus,128GB,T-Mobile,New,218.8
iPhone7Plus,128GB,T-Mobile,Like_new,185.55
iPhone7Plus,128GB,T-Mobile,Good,175.04
iPhone7Plus,128GB,T-Mobile,Fair,148.79
iPhone7Plus,128GB,T-Mobile,Broken,87.52
iPhone7Plus,128GB,Sprint,New,210.1
iPhone7Plus,128GB,Sprint,Like_new,178.16
iPhone7Plus,128GB,Sprint,Good,168.08
iPhone7Plus,128GB,Sprint,Fair,142.87
iPhone7Plus,128GB,Sprint,Broken,84.04
iPhone7Plus,128GB,Other,New,117.64
iPhone7Plus,128GB,Other,Like_new,99.76
iPhone7Plus,128GB,Other,Good,94.11
iPhone7Plus,128GB,Other,Fair,79.99
iPhone7Plus,128GB,Other,Broken,47.05
iPhone7Plus,256GB,Unlocked,New,257.87
iPhone7Plus,256GB,Unlocked,Like_new,218.67
iPhone7Plus,256GB,Unlocked,Good,206.29
iPhone7Plus,256GB,Unlocked,Fair,175.35
iPhone7Plus,256GB,Unlocked,Broken,103.15
iPhone7Plus,256GB,Verizon,New,257.87
iPhone7Plus,256GB,Verizon,Like_new,218.67
iPhone7Plus,256GB,Verizon,Good,206.29
iPhone7Plus,256GB,Verizon,Fair,175.35
iPhone7Plus,256GB,Verizon,Broken,103.15
iPhone7Plus,256GB,AT&T,New,248.07
iPhone7Plus,256GB,AT&T,Like_new,210.36
iPhone7Plus,256GB,AT&T,Good,198.45
iPhone7Plus,256GB,AT&T,Fair,168.69
iPhone7Plus,256GB,AT&T,Broken,99.23
iPhone7Plus,256GB,T-Mobile,New,239.82
iPhone7Plus,256GB,T-Mobile,Like_new,203.36
iPhone7Plus,256GB,T-Mobile,Good,191.85
iPhone7Plus,256GB,T-Mobile,Fair,163.07
iPhone7Plus,256GB,T-Mobile,Broken,95.93
iPhone7Plus,256GB,Sprint,New,230.27
iPhone7Plus,256GB,Sprint,Like_new,195.27
iPhone7Plus,256GB,Sprint,Good,184.22
iPhone7Plus,256GB,Sprint,Fair,156.59
iPhone7Plus,256GB,Sprint,Broken,92.11
iPhone7Plus,256GB,Other,New,128.93
iPhone7Plus,256GB,Other,Like_new,109.34
iPhone7Plus,256GB,Other,Good,103.15
iPhone7Plus,256GB,Other,Fair,87.67
iPhone7Plus,256GB,Other,Broken,51.57
iPhone8,64GB,Unlocked,New,247.69
iPhone8,64GB,Unlocked,Like_new,210.04
iPhone8,64GB,Unlocked,Good,198.15
iPhone8,64GB,Unlocked,Fair,168.43
iPhone8,64GB,Unlocked,Broken,99.07
iPhone8,64GB,Verizon,New,247.69
iPhone8,64GB,Verizon,Like_new,210.04
iPhone8,64GB,Verizon,Good,198.15
iPhone8,64GB,Verizon,Fair,168.43
iPhone8,64GB,Verizon,Broken,99.07
iPhone8,64GB,AT&T,New,238.28
iPhone8,64GB,AT&T,Like_new,202.06
iPhone8,64GB,AT&T,Good,190.62
iPhone8,64GB,AT&T,Fair,162.03
iPhone8,64GB,AT&T,Broken,95.31
iPhone8,64GB,T-Mobile,New,230.35
iPhone8,64GB,T-Mobile,Like_new,195.34
iPhone8,64GB,T-Mobile,Good,184.28
iPhone8,64GB,T-Mobile,Fair,156.64
iPhone8,64GB,T-Mobile,Broken,92.14
iPhone8,64GB,Sprint,New,221.18
iPhone8,64GB,Sprint,Like_new,187.56
iPhone8,64GB,Sprint,Good,176.95
iPhone8,64GB,Sprint,Fair,150.41
iPhone8,64GB,Sprint,Broken,88.47
iPhone8,64GB,Other,New,123.84
iPhone8,64GB,Other,Like_new,105.02
iPhone8,64GB,Other,Good,99.07
iPhone8,64GB,Other,Fair,84.21
iPhone8,64GB,Other,Broken,49.54
iPhone8,128GB,Unlocked,New,317.02
iPhone8,128GB,Unlocked,Like_new,268.83
iPhone8,128GB,Unlocked,Good,253.62
iPhone8,128GB,Unlocked,Fair,215.57
iPhone8,128GB,Unlocked,Broken,126.81
iPhone8,128GB,Verizon,New,317.02
iPhone8,128GB,Verizon,Like_new,268.83
iPhone8,128GB,Verizon,Good,253.62
iPhone8,128GB,Verizon,Fair,215.57
iPhone8,128GB,Verizon,Broken,126.81
iPhone8,128GB,AT&T,New,304.97
iPhone8,128GB,AT&T,Like_new,258.62
iPhone8,128GB,AT&T,Good,243.98
iPhone8,128GB,AT&T,Fair,207.38
iPhone8,128GB,AT&T,Broken,121.99
iPhone8,128GB,T-Mobile,New,294.83
iPhone8,128GB,T-Mobile,Like_new,250.01
iPhone8,128GB,T-Mobile,Good,235.86
iPhone8,128GB,T-Mobile,Fair,200.48
iPhone8,128GB,T-Mobile,Broken,117.93
iPhone8,128GB,Sprint,New,283.1
iPhone8,128GB,Sprint,Like_new,240.07
iPhone8,128GB,Sprint,Good,226.48
iPhone8,128GB,Sprint,Fair,192.51
iPhone8,128GB,Sprint,Broken,113.24
iPhone8,128GB,Other,New,158.51
iPhone8,128GB,Other,Like_new,134.42
iPhone8,128GB,Other,Good,126.81
iPhone8,128GB,Other,Fair,107.79
iPhone8,128GB,Other,Broken,63.4
iPhone8,256GB,Unlocked,New,287.38
iPhone8,256GB,Unlocked,Like_new,243.69
iPhone8,256GB,Unlocked,Good,229.9
iPhone8,256GB,Unlocked,Fair,195.42
iPhone8,256GB,Unlocked,Broken,114.95
iPhone8,256GB,Verizon,New,287.38
iPhone8,256GB,Verizon,Like_new,243.69
iPhone8,256GB,Verizon,Good,229.9
iPhone8,256GB,Verizon,Fair,195.42
iPhone8,256GB,Verizon,Broken,114.95
iPhone8,256GB,AT&T,New,276.45
iPhone8,256GB,AT&T,Like_new,234.43
iPhone8,256GB,AT&T,Good,221.16
iPhone8,256GB,AT&T,Fair,187.99
iPhone8,256GB,AT&T,Broken,110.58
iPhone8,256GB,T-Mobile,New,267.26
iPhone8,256GB,T-Mobile,Like_new,226.64
iPhone8,256GB,T-Mobile,Good,213.81
iPhone8,256GB,T-Mobile,Fair,181.74
iPhone8,256GB,T-Mobile,Broken,106.9
iPhone8,256GB,Sprint,New,256.63
iPhone8,256GB,Sprint,Like_new,217.62
iPhone8,256GB,Sprint,Good,205.3
iPhone8,256GB,Sprint,Fair,174.51
iPhone8,256GB,Sprint,Broken,102.65
iPhone8,256GB,Other,New,143.69
iPhone8,256GB,Other,Like_new,121.85
iPhone8,256GB,Other,Good,114.95
iPhone8,256GB,Other,Fair,97.71
iPhone8,256GB,Other,Broken,57.48
iPhone8Plus,64GB,Unlocked,New,318.16
iPhone8Plus,64GB,Unlocked,Like_new,269.8
iPhone8Plus,64GB,Unlocked,Good,254.53
iPhone8Plus,64GB,Unlocked,Fair,216.35
iPhone8Plus,64GB,Unlocked,Broken,127.27
iPhone8Plus,64GB,Verizon,New,318.16
iPhone8Plus,64GB,Verizon,Like_new,269.8
iPhone8Plus,64GB,Verizon,Good,254.53
iPhone8Plus,64GB,Verizon,Fair,216.35
iPhone8Plus,64GB,Verizon,Broken,127.27
iPhone8Plus,64GB,AT&T,New,306.07
iPhone8Plus,64GB,AT&T,Like_new,259.55
iPhone8Plus,64GB,AT&T,Good,244.86
iPhone8Plus,64GB,AT&T,Fair,208.13
iPhone8Plus,64GB,AT&T,Broken,122.43
iPhone8Plus,64GB,T-Mobile,New,295.89
iPhone8Plus,64GB,T-Mobile,Like_new,250.92
iPhone8Plus,64GB,T-Mobile,Good,236.71
iPhone8Plus,64GB,T-Mobile,Fair,201.21
iPhone8Plus,64GB,T-Mobile,Broken,118.36
iPhone8Plus,64GB,Sprint,New,284.12
iPhone8Plus,64GB,Sprint,Like_new,240.93
iPhone8Plus,64GB,Sprint,Good,227.3
iPhone8Plus,64GB,Sprint,Fair,193.2
iPhone8Plus,64GB,Sprint,Broken,113.65
iPhone8Plus,64GB,Other,New,159.08
iPhone8Plus,64GB,Other,Like_new,134.9
iPhone8Plus,64GB,Other,Good,127.27
iPhone8Plus,64GB,Other,Fair,108.18
iPhone8Plus,64GB,Other,Broken,63.63
iPhone8Plus,128GB,Unlocked,New,352.52
iPhone8Plus,128GB,Unlocked,Like_new,298.94
iPhone8Plus,128GB,Unlocked,Good,282.02
iPhone8Plus,128GB,Unlocked,Fair,239.71
iPhone8Plus,128GB,Unlocked,Broken,141.01
iPhone8Plus,128GB,Verizon,New,352.52
iPhone8Plus,128GB,Verizon,Like_new,298.94
iPhone8Plus,128GB,Verizon,Good,282.02
iPhone8Plus,128GB,Verizon,Fair,239.71
iPhone8Plus,128GB,Verizon,Broken,141.01
iPhone8Plus,128GB,AT&T,New,339.13
iPhone8Plus,128GB,AT&T,Like_new,287.58
iPhone8Plus,128GB,AT&T,Good,271.3
iPhone8Plus,128GB,AT&T,Fair,230.61
iPhone8Plus,128GB,AT&T,Broken,135.65
iPhone8Plus,128GB,T-Mobile,New,327.85
iPhone8Plus,128GB,T-Mobile,Like_new,278.01
iPhone8Plus,128GB,T-Mobile,Good,262.28
iPhone8Plus,128GB,T-Mobile,Fair,222.93
iPhone8Plus,128GB,T-Mobile,Broken,131.14
iPhone8Plus,128GB,Sprint,New,314.8
iPhone8Plus,128GB,Sprint,Like_new,266.95
iPhone8Plus,128GB,Sprint,Good,251.84
iPhone8Plus,128GB,Sprint,Fair,214.07
iPhone8Plus,128GB,Sprint,Broken,125.92
iPhone8Plus,128GB,Other,New,176.26
iPhone8Plus,128GB,Other,Like_new,149.47
iPhone8Plus,128GB,Other,Good,141.01
iPhone8Plus,128GB,Other,Fair,119.86
iPhone8Plus,128GB,Other,Broken,70.5
iPhone8Plus,256GB,Unlocked,New,362.86
iPhone8Plus,256GB,Unlocked,Like_new,307.7
iPhone8Plus,256GB,Unlocked,Good,290.29
iPhone8Plus,256GB,Unlocked,Fair,246.74
iPhone8Plus,256GB,Unlocked,Broken,145.14
iPhone8Plus,256GB,Verizon,New,362.86
iPhone8Plus,256GB,Verizon,Like_new,307.7
iPhone8Plus,256GB,Verizon,Good,290.29
iPhone8Plus,256GB,Verizon,Fair,246.74
iPhone8Plus,256GB,Verizon,Broken,145.14
iPhone8Plus,256GB,AT&T,New,349.07
iPhone8Plus,256GB,AT&T,Like_new,296.01
iPhone8Plus,256GB,AT&T,Good,279.25
iPhone8Plus,256GB,AT&T,Fair,237.37
iPhone8Plus,256GB,AT&T,Broken,139.63
iPhone8Plus,256GB,T-Mobile,New,337.46
iPhone8Plus,256GB,T-Mobile,Like_new,286.16
iPhone8Plus,256GB,T-Mobile,Good,269.97
iPhone8Plus,256GB,T-Mobile,Fair,229.47
iPhone8Plus,256GB,T-Mobile,Broken,134.98
iPhone8Plus,256GB,Sprint,New,324.03
iPhone8Plus,256GB,Sprint,Like_new,274.78
iPhone8Plus,256GB,Sprint,Good,259.22
iPhone8Plus,256GB,Sprint,Fair,220.34
iPhone8Plus,256GB,Sprint,Broken,129.61
iPhone8Plus,256GB,Other,New,181.43
iPhone8Plus,256GB,Other,Like_new,153.85
iPhone8Plus,256GB,Other,Good,145.14
iPhone8Plus,256GB,Other,Fair,123.37
iPhone8Plus,256GB,Other,Broken,72.57
iPhoneX,64GB,Unlocked,New,382.41
iPhoneX,64GB,Unlocked,Like_new,324.28
iPhoneX,64GB,Unlocked,Good,305.93
iPhoneX,64GB,Unlocked,Fair,260.04
iPhoneX,64GB,Unlocked,Broken,152.96
iPhoneX,64GB,Verizon,New,382.41
iPhoneX,64GB,Verizon,Like_new,324.28
iPhoneX,64GB,Verizon,Good,305.93
iPhoneX,64GB,Verizon,Fair,260.04
iPhoneX,64GB,Verizon,Broken,152.96
iPhoneX,64GB,AT&T,New,367.88
iPhoneX,64GB,AT&T,Like_new,311.96
iPhoneX,64GB,AT&T,Good,294.3
iPhoneX,64GB,AT&T,Fair,250.16
iPhoneX,64GB,AT&T,Broken,147.15
iPhoneX,64GB,T-Mobile,New,355.64
iPhoneX,64GB,T-Mobile,Like_new,301.58
iPhoneX,64GB,T-Mobile,Good,284.51
iPhoneX,64GB,T-Mobile,Fair,241.84
iPhoneX,64GB,T-Mobile,Broken,142.26
iPhoneX,64GB,Sprint,New,341.49
iPhoneX,64GB,Sprint,Like_new,289.59
iPhoneX,64GB,Sprint,Good,273.19
iPhoneX,64GB,Sprint,Fair,232.22
iPhoneX,64GB,Sprint,Broken,136.6
iPhoneX,64GB,Other,New,191.21
iPhoneX,64GB,Other,Like_new,162.14
iPhoneX,64GB,Other,Good,152.96
iPhoneX,64GB,Other,Fair,130.02
iPhoneX,64GB,Other,Broken,76.48
iPhoneX,256GB,Unlocked,New,413.55
iPhoneX,256GB,Unlocked,Like_new,350.69
iPhoneX,256GB,Unlocked,Good,330.84
iPhoneX,256GB,Unlocked,Fair,281.21
iPhoneX,256GB,Unlocked,Broken,165.42
iPhoneX,256GB,Verizon,New,413.55
iPhoneX,256GB,Verizon,Like_new,350.69
iPhoneX,256GB,Verizon,Good,330.84
iPhoneX,256GB,Verizon,Fair,281.21
iPhoneX,256GB,Verizon,Broken,165.42
iPhoneX,256GB,AT&T,New,397.83
iPhoneX,256GB,AT&T,Like_new,337.36
iPhoneX,256GB,AT&T,Good,318.27
iPhoneX,256GB,AT&T,Fair,270.53
iPhoneX,256GB,AT&T,Broken,159.13
iPhoneX,256GB,T-Mobile,New,384.6
iPhoneX,256GB,T-Mobile,Like_new,326.14
iPhoneX,256GB,T-Mobile,Good,307.68
iPhoneX,256GB,T-Mobile,Fair,261.53
iPhoneX,256GB,T-Mobile,Broken,153.84
iPhoneX,256GB,Sprint,New,369.3
iPhoneX,256GB,Sprint,Like_new,313.16
iPhoneX,256GB,Sprint,Good,295.44
iPhoneX,256GB,Sprint,Fair,251.12
iPhoneX,256GB,Sprint,Broken,147.72
iPhoneX,256GB,Other,New,206.77
iPhoneX,256GB,Other,Like_new,175.34
iPhoneX,256GB,Other,Good,165.42
iPhoneX,256GB,Other,Fair,140.61
iPhoneX,256GB,Other,Broken,82.71
iPhoneXr,64GB,Unlocked,New,405.47
iPhoneXr,64GB,Unlocked,Like_new,343.84
iPhoneXr,64GB,Unlocked,Good,324.37
iPhoneXr,64GB,Unlocked,Fair,275.72
iPhoneXr,64GB,Unlocked,Broken,162.19
iPhoneXr,64GB,Verizon,New,405.47
iPhoneXr,64GB,Verizon,Like_new,343.84
iPhoneXr,64GB,Verizon,Good,324.37
iPhoneXr,64GB,Verizon,Fair,275.72
iPhoneXr,64GB,Verizon,Broken,162.19
iPhoneXr,64GB,AT&T,New,390.06
iPhoneXr,64GB,AT&T,Like_new,330.77
iPhoneXr,64GB,AT&T,Good,312.05
iPhoneXr,64GB,AT&T,Fair,265.24
iPhoneXr,64GB,AT&T,Broken,156.02
iPhoneXr,64GB,T-Mobile,New,377.08
iPhoneXr,64GB,T-Mobile,Like_new,319.77
iPhoneXr,64GB,T-Mobile,Good,301.67
iPhoneXr,64GB,T-Mobile,Fair,256.42
iPhoneXr,64GB,T-Mobile,Broken,150.83
iPhoneXr,64GB,Sprint,New,362.08
iPhoneXr,64GB,Sprint,Like_new,307.04
iPhoneXr,64GB,Sprint,Good,289.66
iPhoneXr,64GB,Sprint,Fair,246.22
iPhoneXr,64GB,Sprint,Broken,144.83
iPhoneXr,64GB,Other,New,202.73
iPhoneXr,64GB,Other,Like_new,171.92
iPhoneXr,64GB,Other,Good,162.19
iPhoneXr,64GB,Other,Fair,137.86
iPhoneXr,64GB,Other,Broken,81.09
iPhoneXr,128GB,Unlocked,New,422.79
iPhoneXr,128GB,Unlocked,Like_new,358.53
iPhoneXr,128GB,Unlocked,Good,338.23
iPhoneXr,128GB,Unlocked,Fair,287.5
iPhoneXr,128GB,Unlocked,Broken,169.12
iPhoneXr,128GB,Verizon,New,422.79
iPhoneXr,128GB,Verizon,Like_new,358.53
iPhoneXr,128GB,Verizon,Good,338.23
iPhoneXr,128GB,Verizon,Fair,287.5
iPhoneXr,128GB,Verizon,Broken,169.12
iPhoneXr,128GB,AT&T,New,406.72
iPhoneXr,128GB,AT&T,Like_new,344.9
iPhoneXr,128GB,AT&T,Good,325.38
iPhoneXr,128GB,AT&T,Fair,276.57
iPhoneXr,128GB,AT&T,Broken,162.69
iPhoneXr,128GB,T-Mobile,New,393.2
iPhoneXr,128GB,T-Mobile,Like_new,333.43
iPhoneXr,128GB,T-Mobile,Good,314.56
iPhoneXr,128GB,T-Mobile,Fair,267.37
iPhoneXr,128GB,T-Mobile,Broken,157.28
iPhoneXr,128GB,Sprint,New,377.55
iPhoneXr,128GB,Sprint,Like_new,320.16
iPhoneXr,128GB,Sprint,Good,302.04
iPhoneXr,128GB,Sprint,Fair,256.74
iPhoneXr,128GB,Sprint,Broken,151.02
iPhoneXr,128GB,Other,New,211.4
iPhoneXr,128GB,Other,Like_new,179.26
iPhoneXr,128GB,Other,Good,169.12
iPhoneXr,128GB,Other,Fair,143.75
iPhoneXr,128GB,Other,Broken,84.56
iPhoneXr,256GB,Unlocked,New,461.0
iPhoneXr,256GB,Unlocked,Like_new,390.93
iPhoneXr,256GB,Unlocked,Good,368.8
iPhoneXr,256GB,Unlocked,Fair,313.48
iPhoneXr,256GB,Unlocked,Broken,184.4
iPhoneXr,256GB,Verizon,New,461.0
iPhoneXr,256GB,Verizon,Like_new,390.93
iPhoneXr,256GB,Verizon,Good,368.8
iPhoneXr,256GB,Verizon,Fair,313.48
iPhoneXr,256GB,Verizon,Broken,184.4
iPhoneXr,256GB,AT&T,New,443.48
iPhoneXr,256GB,AT&T,Like_new,376.07
iPhoneXr,256GB,AT&T,Good,354.78
iPhoneXr,256GB,AT&T,Fair,301.57
iPhoneXr,256GB,AT&T,Broken,177.39
iPhoneXr,256GB,T-Mobile,New,428.73
iPhoneXr,256GB,T-Mobile,Like_new,363.56
iPhoneXr,256GB,T-Mobile,Good,342.98
iPhoneXr,256GB,T-Mobile,Fair,291.53
iPhoneXr,256GB,T-Mobile,Broken,171.49
iPhoneXr,256GB,Sprint,New,411.67
iPhoneXr,256GB,Sprint,Like_new,349.1
iPhoneXr,256GB,Sprint,Good,329.34
iPhoneXr,256GB,Sprint,Fair,279.94
iPhoneXr,256GB,Sprint,Broken,164.67
iPhoneXr,256GB,Other,New,230.5
iPhoneXr,256GB,Other,Like_new,195.46
iPhoneXr,256GB,Other,Good,184.4
iPhoneXr,256GB,Other,Fair,156.74
iPhoneXr,256GB,Other,Broken,92.2
iPhoneXs,64GB,Unlocked,New,432.04
iPhoneXs,64GB,Unlocked,Like_new,366.37
iPhoneXs,64GB,Unlocked,Good,345.63
iPhoneXs,64GB,Unlocked,Fair,293.79
iPhoneXs,64GB,Unlocked,Broken,172.82
iPhoneXs,64GB,Verizon,New,432.04
iPhoneXs,64GB,Verizon,Like_new,366.37
iPhoneXs,64GB,Verizon,Good,345.63
iPhoneXs,64GB,Verizon,Fair,293.79
iPhoneXs,64GB,Verizon,Broken,172.82
iPhoneXs,64GB,AT&T,New,415.62
iPhoneXs,64GB,AT&T,Like_new,352.45
iPhoneXs,64GB,AT&T,Good,332.5
iPhoneXs,64GB,AT&T,Fair,282.62
iPhoneXs,64GB,AT&T,Broken,166.25
iPhoneXs,64GB,T-Mobile,New,401.8
iPhoneXs,64GB,T-Mobile,Like_new,340.73
iPhoneXs,64GB,T-Mobile,Good,321.44
iPhoneXs,64GB,T-Mobile,Fair,273.22
iPhoneXs,64GB,T-Mobile,Broken,160.72
iPhoneXs,64GB,Sprint,New,385.81
iPhoneXs,64GB,Sprint,Like_new,327.17
iPhoneXs,64GB,Sprint,Good,308.65
iPhoneXs,64GB,Sprint,Fair,262.35
iPhoneXs,64GB,Sprint,Broken,154.33
iPhoneXs,64GB,Other,New,216.02
iPhoneXs,64GB,Other,Like_new,183.19
iPhoneXs,64GB,Other,Good,172.82
iPhoneXs,64GB,Other,Fair,146.89
iPhoneXs,64GB,Other,Broken,86.41
iPhoneXs,256GB,Unlocked,New,470.28
iPhoneXs,256GB,Unlocked,Like_new,398.79
iPhoneXs,256GB,Unlocked,Good,376.22
iPhoneXs,256GB,Unlocked,Fair,319.79
iPhoneXs,256GB,Unlocked,Broken,188.11
iPhoneXs,256GB,Verizon,New,470.28
iPhoneXs,256GB,Verizon,Like_new,398.79
iPhoneXs,256GB,Verizon,Good,376.22
iPhoneXs,256GB,Verizon,Fair,319.79
iPhoneXs,256GB,Verizon,Broken,188.11
iPhoneXs,256GB,AT&T,New,452.41
iPhoneXs,256GB,AT&T,Like_new,383.64
iPhoneXs,256GB,AT&T,Good,361.92
iPhoneXs,256GB,AT&T,Fair,307.64
iPhoneXs,256GB,AT&T,Broken,180.96
iPhoneXs,256GB,T-Mobile,New,437.36
iPhoneXs,256GB,T-Mobile,Like_new,370.88
iPhoneXs,256GB,T-Mobile,Good,349.89
iPhoneXs,256GB,T-Mobile,Fair,297.4
iPhoneXs,256GB,T-Mobile,Broken,174.94
iPhoneXs,256GB,Sprint,New,419.96
iPhoneXs,256GB,Sprint,Like_new,356.12
iPhoneXs,256GB,Sprint,Good,335.97
iPhoneXs,256GB,Sprint,Fair,285.57
iPhoneXs,256GB,Sprint,Broken,167.98
iPhoneXs,256GB,Other,New,235.14
iPhoneXs,256GB,Other,Like_new,199.4
iPhoneXs,256GB,Other,Good,188.11
iPhoneXs,256GB,Other,Fair,159.89
iPhoneXs,256GB,Other,Broken,94.06
iPhoneXs,512GB,Unlocked,New,533.08
iPhoneXs,512GB,Unlocked,Like_new,452.05
iPhoneXs,512GB,Unlocked,Good,426.46
iPhoneXs,512GB,Unlocked,Fair,362.49
iPhoneXs,512GB,Unlocked,Broken,213.23
iPhoneXs,512GB,Verizon,New,533.08
iPhoneXs,512GB,Verizon,Like_new,452.05
iPhoneXs,512GB,Verizon,Good,426.46
iPhoneXs,512GB,Verizon,Fair,362.49
iPhoneXs,512GB,Verizon,Broken,213.23
iPhoneXs,512GB,AT&T,New,512.82
iPhoneXs,512GB,AT&T,Like_new,434.87
iPhoneXs,512GB,AT&T,Good,410.26
iPhoneXs,512GB,AT&T,Fair,348.72
iPhoneXs,512GB,AT&T,Broken,205.13
iPhoneXs,512GB,T-Mobile,New,495.76
iPhoneXs,512GB,T-Mobile,Like_new,420.41
iPhoneXs,512GB,T-Mobile,Good,396.61
iPhoneXs,512GB,T-Mobile,Fair,337.12
iPhoneXs,512GB,T-Mobile,Broken,198.31
iPhoneXs,512GB,Sprint,New,476.04
iPhoneXs,512GB,Sprint,Like_new,403.68
iPhoneXs,512GB,Sprint,Good,380.83
iPhoneXs,512GB,Sprint,Fair,323.71
iPhoneXs,512GB,Sprint,Broken,190.42
iPhoneXs,512GB,Other,New,266.54
iPhoneXs,512GB,Other,Like_new,226.03
iPhoneXs,512GB,Other,Good,213.23
iPhoneXs,512GB,Other,Fair,181.25
iPhoneXs,512GB,Other,Broken,106.62
iPhoneXsMax,64GB,Unlocked,New,498.15
iPhoneXsMax,64GB,Unlocked,Like_new,422.43
iPhoneXsMax,64GB,Unlocked,Good,398.52
iPhoneXsMax,64GB,Unlocked,Fair,338.74
iPhoneXsMax,64GB,Unlocked,Broken,199.26
iPhoneXsMax,64GB,Verizon,New,498.15
iPhoneXsMax,64GB,Verizon,Like_new,422.43
iPhoneXsMax,64GB,Verizon,Good,398.52
iPhoneXsMax,64GB,Verizon,Fair,338.74
iPhoneXsMax,64GB,Verizon,Broken,199.26
iPhoneXsMax,64GB,AT&T,New,479.22
iPhoneXsMax,64GB,AT&T,Like_new,406.38
iPhoneXsMax,64GB,AT&T,Good,383.38
iPhoneXsMax,64GB,AT&T,Fair,325.87
iPhoneXsMax,64GB,AT&T,Broken,191.69
iPhoneXsMax,64GB,T-Mobile,New,463.28
iPhoneXsMax,64GB,T-Mobile,Like_new,392.86
iPhoneXsMax,64GB,T-Mobile,Good,370.63
iPhoneXsMax,64GB,T-Mobile,Fair,315.03
iPhoneXsMax,64GB,T-Mobile,Broken,185.31
iPhoneXsMax,64GB,Sprint,New,444.85
iPhoneXsMax,64GB,Sprint,Like_new,377.23
iPhoneXsMax,64GB,Sprint,Good,355.88
iPhoneXsMax,64GB,Sprint,Fair,302.5
iPhoneXsMax,64GB,Sprint,Broken,177.94
iPhoneXsMax,64GB,Other,New,249.08
iPhoneXsMax,64GB,Other,Like_new,211.22
iPhoneXsMax,64GB,Other,Good,199.26
iPhoneXsMax,64GB,Other,Fair,169.37
iPhoneXsMax,64GB,Other,Broken,99.63
iPhoneXsMax,256GB,Unlocked,New,543.57
iPhoneXsMax,256GB,Unlocked,Like_new,460.95
iPhoneXsMax,256GB,Unlocked,Good,434.86
iPhoneXsMax,256GB,Unlocked,Fair,369.63
iPhoneXsMax,256GB,Unlocked,Broken,217.43
iPhoneXsMax,256GB,Verizon,New,543.57
iPhoneXsMax,256GB,Verizon,Like_new,460.95
iPhoneXsMax,256GB,Verizon,Good,434.86
iPhoneXsMax,256GB,Verizon,Fair,369.63
iPhoneXsMax,256GB,Verizon,Broken,217.43
iPhoneXsMax,256GB,AT&T,New,522.91
iPhoneXsMax,256GB,AT&T,Like_new,443.43
iPhoneXsMax,256GB,AT&T,Good,418.33
iPhoneXsMax,256GB,AT&T,Fair,355.58
iPhoneXsMax,256GB,AT&T,Broken,209.17
iPhoneXsMax,256GB,T-Mobile,New,505.52
iPhoneXsMax,256GB,T-Mobile,Like_new,428.68
iPhoneXsMax,256GB,T-Mobile,Good,404.42
iPhoneXsMax,256GB,T-Mobile,Fair,343.75
iPhoneXsMax,256GB,T-Mobile,Broken,202.21
iPhoneXsMax,256GB,Sprint,New,485.41
iPhoneXsMax,256GB,Sprint,Like_new,411.63
iPhoneXsMax,256GB,Sprint,Good,388.33
iPhoneXsMax,256GB,Sprint,Fair,330.08
iPhoneXsMax,256GB,Sprint,Broken,194.16
iPhoneXsMax,256GB,Other,New,271.79
iPhoneXsMax,256GB,Other,Like_new,230.47
iPhoneXsMax,256GB,Other,Good,217.43
iPhoneXsMax,256GB,Other,Fair,184.81
iPhoneXsMax,256GB,Other,Broken,108.71
iPhoneXsMax,512GB,Unlocked,New,598.47
iPhoneXsMax,512GB,Unlocked,Like_new,507.5
iPhoneXsMax,512GB,Unlocked,Good,478.78
iPhoneXsMax,512GB,Unlocked,Fair,406.96
iPhoneXsMax,512GB,Unlocked,Broken,239.39
iPhoneXsMax,512GB,Verizon,New,598.47
iPhoneXsMax,512GB,Verizon,Like_new,507.5
iPhoneXsMax,512GB,Verizon,Good,478.78
iPhoneXsMax,512GB,Verizon,Fair,406.96
iPhoneXsMax,512GB,Verizon,Broken,239.39
iPhoneXsMax,512GB,AT&T,New,575.73
iPhoneXsMax,512GB,AT&T,Like_new,488.22
iPhoneXsMax,512GB,AT&T,Good,460.58
iPhoneXsMax,512GB,AT&T,Fair,391.5
iPhoneXsMax,512GB,AT&T,Broken,230.29
iPhoneXsMax,512GB,T-Mobile,New,556.58
iPhoneXsMax,512GB,T-Mobile,Like_new,471.98
iPhoneXsMax,512GB,T-Mobile,Good,445.26
iPhoneXsMax,512GB,T-Mobile,Fair,378.47
iPhoneXsMax,512GB,T-Mobile,Broken,222.63
iPhoneXsMax,512GB,Sprint,New,534.43
iPhoneXsMax,512GB,Sprint,Like_new,453.2
iPhoneXsMax,512GB,Sprint,Good,427.55
iPhoneXsMax,512GB,Sprint,Fair,363.42
iPhoneXsMax,512GB,Sprint,Broken,213.77
iPhoneXsMax,512GB,Other,New,299.24
iPhoneXsMax,512GB,Other,Like_new,253.75
iPhoneXsMax,512GB,Other,Good,239.39
iPhoneXsMax,512GB,Other,Fair,203.48
iPhoneXsMax,512GB,Other,Broken,119.69
iPhoneSE2ndGen,64GB,Unlocked,New,317.02
iPhoneSE2ndGen,64GB,Unlocked,Like_new,268.83
iPhoneSE2ndGen,64GB,Unlocked,Good,253.62
iPhoneSE2ndGen,64GB,Unlocked,Fair,215.57
iPhoneSE2ndGen,64GB,Unlocked,Broken,126.81
iPhoneSE2ndGen,64GB,Verizon,New,317.02
iPhoneSE2ndGen,64GB,Verizon,Like_new,268.83
iPhoneSE2ndGen,64GB,Verizon,Good,253.62
iPhoneSE2ndGen,64GB,Verizon,Fair,215.57
iPhoneSE2ndGen,64GB,Verizon,Broken,126.81
iPhoneSE2ndGen,64GB,AT&T,New,304.97
iPhoneSE2ndGen,64GB,AT&T,Like_new,258.62
iPhoneSE2ndGen,64GB,AT&T,Good,243.98
iPhoneSE2ndGen,64GB,AT&T,Fair,207.38
iPhoneSE2ndGen,64GB,AT&T,Broken,121.99
iPhoneSE2ndGen,64GB,T-Mobile,New,294.83
iPhoneSE2ndGen,64GB,T-Mobile,Like_new,250.01
iPhoneSE2ndGen,64GB,T-Mobile,Good,235.86
iPhoneSE2ndGen,64GB,T-Mobile,Fair,200.48
iPhoneSE2ndGen,64GB,T-Mobile,Broken,117.93
iPhoneSE2ndGen,64GB,Sprint,New,283.1
iPhoneSE2ndGen,64GB,Sprint,Like_new,240.07
iPhoneSE2ndGen,64GB,Sprint,Good,226.48
iPhoneSE2ndGen,64GB,Sprint,Fair,192.51
iPhoneSE2ndGen,64GB,Sprint,Broken,113.24
iPhoneSE2ndGen,64GB,Other,New,158.51
iPhoneSE2ndGen,64GB,Other,Like_new,134.42
iPhoneSE2ndGen,64GB,Other,Good,126.81
iPhoneSE2ndGen,64GB,Other,Fair,107.79
iPhoneSE2ndGen,64GB,Other,Broken,63.4
iPhoneSE2ndGen,128GB,Unlocked,New,375.5
iPhoneSE2ndGen,128GB,Unlocked,Like_new,318.43
iPhoneSE2ndGen,128GB,Unlocked,Good,300.4
iPhoneSE2ndGen,128GB,Unlocked,Fair,255.34
iPhoneSE2ndGen,128GB,Unlocked,Broken,150.2
iPhoneSE2ndGen,128GB,Verizon,New,375.5
iPhoneSE2ndGen,128GB,Verizon,Like_new,318.43
iPhoneSE2ndGen,128GB,Verizon,Good,300.4
iPhoneSE2ndGen,128GB,Verizon,Fair,255.34
iPhoneSE2ndGen,128GB,Verizon,Broken,150.2
iPhoneSE2ndGen,128GB,AT&T,New,361.24
iPhoneSE2ndGen,128GB,AT&T,Like_new,306.33
iPhoneSE2ndGen,128GB,AT&T,Good,288.99
iPhoneSE2ndGen,128GB,AT&T,Fair,245.64
iPhoneSE2ndGen,128GB,AT&T,Broken,144.49
iPhoneSE2ndGen,128GB,T-Mobile,New,349.22
iPhoneSE2ndGen,128GB,T-Mobile,Like_new,296.14
iPhoneSE2ndGen,128GB,T-Mobile,Good,279.38
iPhoneSE2ndGen,128GB,T-Mobile,Fair,237.47
iPhoneSE2ndGen,128GB,T-Mobile,Broken,139.69
iPhoneSE2ndGen,128GB,Sprint,New,335.33
iPhoneSE2ndGen,128GB,Sprint,Like_new,284.36
iPhoneSE2ndGen,128GB,Sprint,Good,268.26
iPhoneSE2ndGen,128GB,Sprint,Fair,228.02
iPhoneSE2ndGen,128GB,Sprint,Broken,134.13
iPhoneSE2ndGen,128GB,Other,New,187.75
iPhoneSE2ndGen,128GB,Other,Like_new,159.21
iPhoneSE2ndGen,128GB,Other,Good,150.2
iPhoneSE2ndGen,128GB,Other,Fair,127.67
iPhoneSE2ndGen,128GB,Other,Broken,75.1
iPhoneSE2ndGen,256GB,Unlocked,New,433.2
iPhoneSE2ndGen,256GB,Unlocked,Like_new,367.35
iPhoneSE2ndGen,256GB,Unlocked,Good,346.56
iPhoneSE2ndGen,256GB,Unlocked,Fair,294.57
iPhoneSE2ndGen,256GB,Unlocked,Broken,173.28
iPhoneSE2ndGen,256GB,Verizon,New,433.2
iPhoneSE2ndGen,256GB,Verizon,Like_new,367.35
iPhoneSE2ndGen,256GB,Verizon,Good,346.56
iPhoneSE2ndGen,256GB,Verizon,Fair,294.57
iPhoneSE2ndGen,256GB,Verizon,Broken,173.28
iPhoneSE2ndGen,256GB,AT&T,New,416.74
iPhoneSE2ndGen,256GB,AT&T,Like_new,353.39
iPhoneSE2ndGen,256GB,AT&T,Good,333.39
iPhoneSE2ndGen,256GB,AT&T,Fair,283.38
iPhoneSE2ndGen,256GB,AT&T,Broken,166.69
iPhoneSE2ndGen,256GB,T-Mobile,New,402.87
iPhoneSE2ndGen,256GB,T-Mobile,Like_new,341.64
iPhoneSE2ndGen,256GB,T-Mobile,Good,322.3
iPhoneSE2ndGen,256GB,T-Mobile,Fair,273.95
iPhoneSE2ndGen,256GB,T-Mobile,Broken,161.15
iPhoneSE2ndGen,256GB,Sprint,New,386.85
iPhoneSE2ndGen,256GB,Sprint,Like_new,328.05
iPhoneSE2ndGen,256GB,Sprint,Good,309.48
iPhoneSE2ndGen,256GB,Sprint,Fair,263.06
iPhoneSE2ndGen,256GB,Sprint,Broken,154.74
iPhoneSE2ndGen,256GB,Other,New,216.6
iPhoneSE2ndGen,256GB,Other,Like_new,183.68
iPhoneSE2ndGen,256GB,Other,Good,173.28
iPhoneSE2ndGen,256GB,Other,Fair,147.29
iPhoneSE2ndGen,256GB,Other,Broken,86.64
iPhone11,64GB,Unlocked,New,572.75
iPhone11,64GB,Unlocked,Like_new,485.69
iPhone11,64GB,Unlocked,Good,458.2
iPhone11,64GB,Unlocked,Fair,389.47
iPhone11,64GB,Unlocked,Broken,229.1
iPhone11,64GB,Verizon,New,572.75
iPhone11,64GB,Verizon,Like_new,485.69
iPhone11,64GB,Verizon,Good,458.2
iPhone11,64GB,Verizon,Fair,389.47
iPhone11,64GB,Verizon,Broken,229.1
iPhone11,64GB,AT&T,New,550.99
iPhone11,64GB,AT&T,Like_new,467.24
iPhone11,64GB,AT&T,Good,440.79
iPhone11,64GB,AT&T,Fair,374.67
iPhone11,64GB,AT&T,Broken,220.39
iPhone11,64GB,T-Mobile,New,532.66
iPhone11,64GB,T-Mobile,Like_new,451.69
iPhone11,64GB,T-Mobile,Good,426.13
iPhone11,64GB,T-Mobile,Fair,362.21
iPhone11,64GB,T-Mobile,Broken,213.06
iPhone11,64GB,Sprint,New,511.47
iPhone11,64GB,Sprint,Like_new,433.72
iPhone11,64GB,Sprint,Good,409.17
iPhone11,64GB,Sprint,Fair,347.8
iPhone11,64GB,Sprint,Broken,204.59
iPhone11,64GB,Other,New,286.38
iPhone11,64GB,Other,Like_new,242.85
iPhone11,64GB,Other,Good,229.1
iPhone11,64GB,Other,Fair,194.74
iPhone11,64GB,Other,Broken,114.55
iPhone11,128GB,Unlocked,New,611.34
iPhone11,128GB,Unlocked,Like_new,518.42
iPhone11,128GB,Unlocked,Good,489.08
iPhone11,128GB,Unlocked,Fair,415.71
iPhone11,128GB,Unlocked,Broken,244.54
iPhone11,128GB,Verizon,New,611.34
iPhone11,128GB,Verizon,Like_new,518.42
iPhone11,128GB,Verizon,Good,489.08
iPhone11,128GB,Verizon,Fair,415.71
iPhone11,128GB,Verizon,Broken,244.54
iPhone11,128GB,AT&T,New,588.11
iPhone11,128GB,AT&T,Like_new,498.72
iPhone11,128GB,AT&T,Good,470.49
iPhone11,128GB,AT&T,Fair,399.92
iPhone11,128GB,AT&T,Broken,235.25
iPhone11,128GB,T-Mobile,New,568.55
iPhone11,128GB,T-Mobile,Like_new,482.13
iPhone11,128GB,T-Mobile,Good,454.84
iPhone11,128GB,T-Mobile,Fair,386.61
iPhone11,128GB,T-Mobile,Broken,227.42
iPhone11,128GB,Sprint,New,545.93
iPhone11,128GB,Sprint,Like_new,462.95
iPhone11,128GB,Sprint,Good,436.74
iPhone11,128GB,Sprint,Fair,371.23
iPhone11,128GB,Sprint,Broken,218.37
iPhone11,128GB,Other,New,305.67
iPhone11,128GB,Other,Like_new,259.21
iPhone11,128GB,Other,Good,244.54
iPhone11,128GB,Other,Fair,207.86
iPhone11,128GB,Other,Broken,122.27
iPhone11,256GB,Unlocked,New,637.12
iPhone11,256GB,Unlocked,Like_new,540.27
iPhone11,256GB,Unlocked,Good,509.69
iPhone11,256GB,Unlocked,Fair,433.24
iPhone11,256GB,Unlocked,Broken,254.85
iPhone11,256GB,Verizon,New,637.12
iPhone11,256GB,Verizon,Like_new,540.27
iPhone11,256GB,Verizon,Good,509.69
iPhone11,256GB,Verizon,Fair,433.24
iPhone11,256GB,Verizon,Broken,254.85
iPhone11,256GB,AT&T,New,612.91
iPhone11,256GB,AT&T,Like_new,519.74
iPhone11,256GB,AT&T,Good,490.32
iPhone11,256GB,AT&T,Fair,416.78
iPhone11,256GB,AT&T,Broken,245.16
iPhone11,256GB,T-Mobile,New,592.52
iPhone11,256GB,T-Mobile,Like_new,502.46
iPhone11,256GB,T-Mobile,Good,474.01
iPhone11,256GB,T-Mobile,Fair,402.91
iPhone11,256GB,T-Mobile,Broken,237.01
iPhone11,256GB,Sprint,New,568.94
iPhone11,256GB,Sprint,Like_new,482.47
iPhone11,256GB,Sprint,Good,455.16
iPhone11,256GB,Sprint,Fair,386.88
iPhone11,256GB,Sprint,Broken,227.58
iPhone11,256GB,Other,New,318.56
iPhone11,256GB,Other,Like_new,270.14
iPhone11,256GB,Other,Good,254.85
iPhone11,256GB,Other,Fair,216.62
iPhone11,256GB,Other,Broken,127.42
iPhone11Pro,64GB,Unlocked,New,725.21
iPhone11Pro,64GB,Unlocked,Like_new,614.98
iPhone11Pro,64GB,Unlocked,Good,580.17
iPhone11Pro,64GB,Unlocked,Fair,493.14
iPhone11Pro,64GB,Unlocked,Broken,290.08
iPhone11Pro,64GB,Verizon,New,725.21
iPhone11Pro,64GB,Verizon,Like_new,614.98
iPhone11Pro,64GB,Verizon,Good,580.17
iPhone11Pro,64GB,Verizon,Fair,493.14
iPhone11Pro,64GB,Verizon,Broken,290.08
iPhone11Pro,64GB,AT&T,New,697.65
iPhone11Pro,64GB,AT&T,Like_new,591.61
iPhone11Pro,64GB,AT&T,Good,558.12
iPhone11Pro,64GB,AT&T,Fair,474.4
iPhone11Pro,64GB,AT&T,Broken,279.06
iPhone11Pro,64GB,T-Mobile,New,674.44
iPhone11Pro,64GB,T-Mobile,Like_new,571.93
iPhone11Pro,64GB,T-Mobile,Good,539.56
iPhone11Pro,64GB,T-Mobile,Fair,458.62
iPhone11Pro,64GB,T-Mobile,Broken,269.78
iPhone11Pro,64GB,Sprint,New,647.61
iPhone11Pro,64GB,Sprint,Like_new,549.17
iPhone11Pro,64GB,Sprint,Good,518.09
iPhone11Pro,64GB,Sprint,Fair,440.38
iPhone11Pro,64GB,Sprint,Broken,259.04
iPhone11Pro,64GB,Other,New,362.6
iPhone11Pro,64GB,Other,Like_new,307.49
iPhone11Pro,64GB,Other,Good,290.08
iPhone11Pro,64GB,Other,Fair,246.57
iPhone11Pro,64GB,Other,Broken,145.04
iPhone11Pro,256GB,Unlocked,New,794.73
iPhone11Pro,256GB,Unlocked,Like_new,673.93
iPhone11Pro,256GB,Unlocked,Good,635.79
iPhone11Pro,256GB,Unlocked,Fair,540.42
iPhone11Pro,256GB,Unlocked,Broken,317.89
iPhone11Pro,256GB,Verizon,New,794.73
iPhone11Pro,256GB,Verizon,Like_new,673.93
iPhone11Pro,256GB,Verizon,Good,635.79
iPhone11Pro,256GB,Verizon,Fair,540.42
iPhone11Pro,256GB,Verizon,Broken,317.89
iPhone11Pro,256GB,AT&T,New,764.53
iPhone11Pro,256GB,AT&T,Like_new,648.32
iPhone11Pro,256GB,AT&T,Good,611.63
iPhone11Pro,256GB,AT&T,Fair,519.88
iPhone11Pro,256GB,AT&T,Broken,305.81
iPhone11Pro,256GB,T-Mobile,New,739.1
iPhone11Pro,256GB,T-Mobile,Like_new,626.76
iPhone11Pro,256GB,T-Mobile,Good,591.28
iPhone11Pro,256GB,T-Mobile,Fair,502.59
iPhone11Pro,256GB,T-Mobile,Broken,295.64
iPhone11Pro,256GB,Sprint,New,709.7
iPhone11Pro,256GB,Sprint,Like_new,601.82
iPhone11Pro,256GB,Sprint,Good,567.76
iPhone11Pro,256GB,Sprint,Fair,482.59
iPhone11Pro,256GB,Sprint,Broken,283.88
iPhone11Pro,256GB,Other,New,397.37
iPhone11Pro,256GB,Other,Like_new,336.97
iPhone11Pro,256GB,Other,Good,317.89
iPhone11Pro,256GB,Other,Fair,270.21
iPhone11Pro,256GB,Other,Broken,158.95
iPhone11Pro,512GB,Unlocked,New,933.09
iPhone11Pro,512GB,Unlocked,Like_new,791.26
iPhone11Pro,512GB,Unlocked,Good,746.47
iPhone11Pro,512GB,Unlocked,Fair,634.5
iPhone11Pro,512GB,Unlocked,Broken,373.24
iPhone11Pro,512GB,Verizon,New,933.09
iPhone11Pro,512GB,Verizon,Like_new,791.26
iPhone11Pro,512GB,Verizon,Good,746.47
iPhone11Pro,512GB,Verizon,Fair,634.5
iPhone11Pro,512GB,Verizon,Broken,373.24
iPhone11Pro,512GB,AT&T,New,897.63
iPhone11Pro,512GB,AT&T,Like_new,761.19
iPhone11Pro,512GB,AT&T,Good,718.1
iPhone11Pro,512GB,AT&T,Fair,610.39
iPhone11Pro,512GB,AT&T,Broken,359.05
iPhone11Pro,512GB,T-Mobile,New,867.77
iPhone11Pro,512GB,T-Mobile,Like_new,735.87
iPhone11Pro,512GB,T-Mobile,Good,694.22
iPhone11Pro,512GB,T-Mobile,Fair,590.08
iPhone11Pro,512GB,T-Mobile,Broken,347.11
iPhone11Pro,512GB,Sprint,New,833.25
iPhone11Pro,512GB,Sprint,Like_new,706.59
iPhone11Pro,512GB,Sprint,Good,666.6
iPhone11Pro,512GB,Sprint,Fair,566.61
iPhone11Pro,512GB,Sprint,Broken,333.3
iPhone11Pro,512GB,Other,New,466.54
iPhone11Pro,512GB,Other,Like_new,395.63
iPhone11Pro,512GB,Other,Good,373.24
iPhone11Pro,512GB,Other,Fair,317.25
iPhone11Pro,512GB,Other,Broken,186.62
iPhone11ProMax,64GB,Unlocked,New,791.19
iPhone11ProMax,64GB,Unlocked,Like_new,670.93
iPhone11ProMax,64GB,Unlocked,Good,632.95
iPhone11ProMax,64GB,Unlocked,Fair,538.01
iPhone11ProMax,64GB,Unlocked,Broken,316.48
iPhone11ProMax,64GB,Verizon,New,791.19
iPhone11ProMax,64GB,Verizon,Like_new,670.93
iPhone11ProMax,64GB,Verizon,Good,632.95
iPhone11ProMax,64GB,Verizon,Fair,538.01
iPhone11ProMax,64GB,Verizon,Broken,316.48
iPhone11ProMax,64GB,AT&T,New,761.13
iPhone11ProMax,64GB,AT&T,Like_new,645.44
iPhone11ProMax,64GB,AT&T,Good,608.9
iPhone11ProMax,64GB,AT&T,Fair,517.57
iPhone11ProMax,64GB,AT&T,Broken,304.45
iPhone11ProMax,64GB,T-Mobile,New,735.81
iPhone11ProMax,64GB,T-Mobile,Like_new,623.97
iPhone11ProMax,64GB,T-Mobile,Good,588.65
iPhone11ProMax,64GB,T-Mobile,Fair,500.35
iPhone11ProMax,64GB,T-Mobile,Broken,294.32
iPhone11ProMax,64GB,Sprint,New,706.53
iPhone11ProMax,64GB,Sprint,Like_new,599.14
iPhone11ProMax,64GB,Sprint,Good,565.23
iPhone11ProMax,64GB,Sprint,Fair,480.44
iPhone11ProMax,64GB,Sprint,Broken,282.61
iPhone11ProMax,64GB,Other,New,395.6
iPhone11ProMax,64GB,Other,Like_new,335.47
iPhone11ProMax,64GB,Other,Good,316.48
iPhone11ProMax,64GB,Other,Fair,269.01
iPhone11ProMax,64GB,Other,Broken,158.24
iPhone11ProMax,256GB,Unlocked,New,875.07
iPhone11ProMax,256GB,Unlocked,Like_new,742.06
iPhone11ProMax,256GB,Unlocked,Good,700.06
iPhone11ProMax,256GB,Unlocked,Fair,595.05
iPhone11ProMax,256GB,Unlocked,Broken,350.03
iPhone11ProMax,256GB,Verizon,New,875.07
iPhone11ProMax,256GB,Verizon,Like_new,742.06
iPhone11ProMax,256GB,Verizon,Good,700.06
iPhone11ProMax,256GB,Verizon,Fair,595.05
iPhone11ProMax,256GB,Verizon,Broken,350.03
iPhone11ProMax,256GB,AT&T,New,841.82
iPhone11ProMax,256GB,AT&T,Like_new,713.86
iPhone11ProMax,256GB,AT&T,Good,673.46
iPhone11ProMax,256GB,AT&T,Fair,572.44
iPhone11ProMax,256GB,AT&T,Broken,336.73
iPhone11ProMax,256GB,T-Mobile,New,813.82
iPhone11ProMax,256GB,T-Mobile,Like_new,690.12
iPhone11ProMax,256GB,T-Mobile,Good,651.05
iPhone11ProMax,256GB,T-Mobile,Fair,553.4
iPhone11ProMax,256GB,T-Mobile,Broken,325.53
iPhone11ProMax,256GB,Sprint,New,781.44
iPhone11ProMax,256GB,Sprint,Like_new,662.66
iPhone11ProMax,256GB,Sprint,Good,625.15
iPhone11ProMax,256GB,Sprint,Fair,531.38
iPhone11ProMax,256GB,Sprint,Broken,312.58
iPhone11ProMax,256GB,Other,New,437.54
iPhone11ProMax,256GB,Other,Like_new,371.03
iPhone11ProMax,256GB,Other,Good,350.03
iPhone11ProMax,256GB,Other,Fair,297.52
iPhone11ProMax,256GB,Other,Broken,175.01
iPhone11ProMax,512GB,Unlocked,New,950.87
iPhone11ProMax,512GB,Unlocked,Like_new,806.34
iPhone11ProMax,512GB,Unlocked,Good,760.69
iPhone11ProMax,512GB,Unlocked,Fair,646.59
iPhone11ProMax,512GB,Unlocked,Broken,380.35
iPhone11ProMax,512GB,Verizon,New,950.87
iPhone11ProMax,512GB,Verizon,Like_new,806.34
iPhone11ProMax,512GB,Verizon,Good,760.69
iPhone11ProMax,512GB,Verizon,Fair,646.59
iPhone11ProMax,512GB,Verizon,Broken,380.35
iPhone11ProMax,512GB,AT&T,New,914.73
iPhone11ProMax,512GB,AT&T,Like_new,775.69
iPhone11ProMax,512GB,AT&T,Good,731.79
iPhone11ProMax,512GB,AT&T,Fair,622.02
iPhone11ProMax,512GB,AT&T,Broken,365.89
iPhone11ProMax,512GB,T-Mobile,New,884.31
iPhone11ProMax,512GB,T-Mobile,Like_new,749.89
iPhone11ProMax,512GB,T-Mobile,Good,707.45
iPhone11ProMax,512GB,T-Mobile,Fair,601.33
iPhone11ProMax,512GB,T-Mobile,Broken,353.72
iPhone11ProMax,512GB,Sprint,New,849.12
iPhone11ProMax,512GB,Sprint,Like_new,720.06
iPhone11ProMax,512GB,Sprint,Good,679.3
iPhone11ProMax,512GB,Sprint,Fair,577.4
iPhone11ProMax,512GB,Sprint,Broken,339.65
iPhone11ProMax,512GB,Other,New,475.43
iPhone11ProMax,512GB,Other,Like_new,403.17
iPhone11ProMax,512GB,Other,Good,380.35
iPhone11ProMax,512GB,Other,Fair,323.29
iPhone11ProMax,512GB,Other,Broken,190.17
